"term","cv","global_freq","relfreq_class_1","relfreq_class_2","relfreq_class_3","relfreq_class_4","relfreq_class_5"
"also",0.0476,2822,0.00191492069505406,0.00181829426680685,0.00186906101934504,0.00174153173412616,0.00170796508160278
"evaluated",0.0484,1108,0.000686648533620621,0.000705052878965922,0.00064396219994241,0.000732419888183897,0.000714556819854223
"used",0.0507,2442,0.00151832197304904,0.00141629043230874,0.00149210753645193,0.00157063376021658,0.00161888753766431
"study",0.0517,5512,0.00319054792777168,0.00358092646422166,0.00357582262244444,0.00364853610965682,0.00353792766903432
"among",0.0601,1670,0.00114836047864138,0.000977178551549261,0.00104185754299626,0.00107150316975052,0.00102632822363886
"identified",0.0603,1097,0.000722164837083756,0.000680314181458346,0.000706787780424596,0.000626625904335112,0.00073004856662613
"related",0.0622,1939,0.00115132017059664,0.00126785824726328,0.00131410172508573,0.00131835579873101,0.00117737275466495
"old",0.0659,1227,0.000805036211831073,0.000773084297111757,0.00085861626658988,0.000716143890668699,0.00077846027528834
"important",0.067,1153,0.000763600524457414,0.000748345599604181,0.000806261616188058,0.000672741230628172,0.000720366224893688
"incidence",0.0687,1736,0.00111284417517825,0.00119982682911745,0.000989502892594435,0.00108506650101318,0.00111734223592381
"present",0.0694,1869,0.00123715123729922,0.00128022759601707,0.00128268893484464,0.00109049183351825,0.00115607160285358
"results",0.0719,4239,0.00275547321034827,0.00233162224008906,0.00276956100625638,0.0026177229336943,0.00278270501390384
"technique",0.0764,1084,0.000713285761217972,0.00068649885583524,0.000586372084500406,0.000699867893153502,0.000701001541428804
"can",0.0817,2453,0.00165742749494633,0.00155235326860041,0.00172246799821994,0.00138345978879181,0.00155498408223019
"population",0.0817,972,0.000633374078425917,0.000618467437689406,0.00064396219994241,0.000686304561890837,0.000546084073709731
"demonstrated",0.0824,1278,0.000816874979652118,0.000705052878965922,0.000890029056830973,0.000797523878244688,0.000821062578911085
"normal",0.0834,3716,0.0023174388009696,0.00275218009771785,0.002471139498966,0.00231932964591567,0.00224823975027304
"observed",0.085,1855,0.00134961953159915,0.00111942606221782,0.00115703777388026,0.0011691591548417,0.00109604108411244
"initial",0.0875,1276,0.00073104391294954,0.000828746366503804,0.00071725871050496,0.000821937874517484,0.000881093097652226
"major",0.0875,1188,0.000686648533620621,0.000661760158327664,0.000732965105625507,0.000773109881971891,0.000821062578911085
"development",0.0882,1201,0.000769519908367937,0.000735976250850393,0.000879558126750609,0.000697155226900969,0.000768777933555898
"levels",0.0894,2623,0.00170182287427525,0.00153998391984662,0.00173293892830031,0.00187173971424774,0.00150657237356798
"patient",0.0903,4892,0.003012966410456,0.00341394025604552,0.00336116855579697,0.00272351691754308,0.00324552094871457
"role",0.0906,1310,0.000884947894623128,0.000933885830911003,0.0007643778958666,0.000759546550709227,0.000840427262375969
"seven",0.0906,1353,0.000914544814175741,0.000804007668996227,0.000895264521871155,0.000740557886941496,0.000910140122849552
"two",0.0922,5659,0.00379728477860024,0.00386542148555879,0.00313604355906913,0.00329860216308007,0.00374900271880156
"obtained",0.0932,1212,0.000846471899204731,0.000698868204589028,0.000712023245464778,0.000830075873275083,0.0007184297565472
"using",0.0944,2302,0.0016367096512595,0.00129259694477086,0.00134027905028664,0.00140516111881207,0.00148333475341012
"studied",0.0963,1906,0.00108324725562563,0.00129878161914775,0.00139786916572865,0.0011854351523569,0.00121222918490174
"different",0.0972,1315,0.00093526265786257,0.000717422227719711,0.000853380801549698,0.000843639204537748,0.000792015553713759
"patients",0.0975,34444,0.0208806267443684,0.025975632382955,0.0207533834192822,0.0222492886032753,0.0213456905833417
"nine",0.0988,1028,0.00070736637730745,0.000698868204589028,0.00059684301458077,0.000566947246779387,0.000683573326310408
"higher",0.0998,1755,0.00107732787171511,0.00123075020100192,0.00100520928771498,0.00125053914241769,0.00104375643875725
"evaluation",0.1016,1177,0.000778398984233721,0.000834931040880698,0.000863851731630062,0.000694442560648436,0.00069325566804285
"may",0.1024,5037,0.00315207193235328,0.00326550807100006,0.0038533022695741,0.00301919753906918,0.00308866701264901
"developed",0.1026,1648,0.000953020809594137,0.00119364215474055,0.00112038951859899,0.000946720522134,0.00110378695749839
"method",0.103,894,0.000600817466918043,0.000513327973282207,0.000471191853616397,0.000594073909304716,0.000579004035600034
"similar",0.1035,1646,0.000881988202667866,0.00105757931844888,0.000973796497473888,0.00115559582357904,0.00109410461576595
"number",0.1043,1069,0.00077543929227846,0.000742160925227287,0.000670139525143321,0.000594073909304716,0.000658399237806059
"use",0.1043,2155,0.00129930476835971,0.00111942606221782,0.00143451742100992,0.00135362046001394,0.00147558888002417
"follow",0.1056,2103,0.00131410322813602,0.00112561073659472,0.00116750870396063,0.001399735786307,0.00142911363970845
"although",0.1083,1583,0.00098261772914675,0.00116890345723298,0.00104185754299626,0.000865340534558012,0.00105343878048969
"mg",0.1091,2093,0.00124603031316501,0.00139155173480116,0.00123033428444282,0.00156249576145898,0.00123159386836663
"followed",0.1096,1017,0.000648172538202224,0.000513327973282207,0.00064396219994241,0.000626625904335112,0.000699065073082315
"data",0.1098,1878,0.00110988448322299,0.00107613334157957,0.00115703777388026,0.00140244845255954,0.00114445279277465
"whereas",0.11,1017,0.000754721448591631,0.00068649885583524,0.000581136619460224,0.000632051236840178,0.000594495782371941
"studies",0.112,2304,0.00153608012478061,0.00137918238604737,0.00171723253317976,0.00154893243019632,0.00128387851372181
"compared",0.1122,3184,0.00174621825360416,0.00220792875255118,0.00185859008926468,0.00228406498463275,0.00201392708034794
"first",0.1133,1921,0.00107436817975985,0.00132970499103222,0.00130363079500537,0.00107692850225558,0.00134971843750242
"evidence",0.1134,1433,0.000932302965907308,0.000878223761518956,0.00110991858851863,0.00090060519584094,0.000836554325682992
"well",0.1144,1717,0.00129042569249393,0.00111942606221782,0.00108374126331771,0.000944007855881467,0.00105537524883618
"eight",0.1149,1362,0.000879028510712605,0.00085348506401138,0.000696316850344232,0.000811087209507353,0.000958551831511762
"three",0.1156,3871,0.00280282828163245,0.00255427051765725,0.00227742729247925,0.00206705168443011,0.00254451940728577
"treatment",0.1177,6161,0.00458456283869975,0.00432927206382584,0.00376953482893118,0.00346136213823205,0.00371027335187179
"either",0.1189,1527,0.000781358676188982,0.000964809202795473,0.000916206382031884,0.00101182451219479,0.00108248580568702
"time",0.1194,2634,0.00137329706724124,0.00158946131486177,0.00157587497709484,0.00187445238050027,0.00178348734711582
"within",0.1198,1689,0.000950061117638876,0.00091533180778032,0.00112038951859899,0.00101996251095239,0.0012199750582877
"possible",0.1219,1004,0.000736963296860063,0.000643206135196982,0.000727729640585325,0.000558809248021788,0.000592559314025453
"years",0.1247,4447,0.00296857103112708,0.00214608200878224,0.00284809298185911,0.00295138088275585,0.00283692612760552
"five",0.125,2099,0.00147096690176486,0.0014533984785701,0.00114133137875972,0.00114745782482144,0.00140587601955058
"without",0.1281,2448,0.00136737768333072,0.00185540231306822,0.00146069474621083,0.00172525573661096,0.00149301709514256
"seen",0.1282,1105,0.000763600524457414,0.000834931040880698,0.000753906965786236,0.000591361243052184,0.000677763921270943
"difference",0.1286,985,0.00054754301172334,0.000556620693920465,0.000544488364178948,0.000710718558163633,0.000666145111192012
"included",0.1292,942,0.000583059315186475,0.000482404601397736,0.000554959294259313,0.000558809248021788,0.000687446263003385
"long",0.1321,1783,0.000929343273952047,0.00106376399282578,0.00103138661291589,0.00129936713496328,0.0012025468431693
"clinical",0.1332,4356,0.00298336949090339,0.00256045519203414,0.00339781681107824,0.00249836561858285,0.00264134282461019
"determine",0.1348,1254,0.000630414386470656,0.000834931040880698,0.000732965105625507,0.000897892529588407,0.000842363730722458
"early",0.1359,1914,0.00124011092925448,0.000902962459026532,0.00117797963404099,0.00131564313247848,0.00123740327340609
"associated",0.136,3940,0.00219017204689336,0.00296245902653225,0.00272244182089474,0.00218912166579409,0.00269943687500484
"weeks",0.1387,1131,0.000574180239320692,0.000785453645865545,0.000675374990183503,0.000830075873275083,0.000726175629933153
"one",0.1394,5303,0.00380616385446603,0.00364895788236749,0.00295803774770294,0.00274521824756335,0.00358246644100356
"presence",0.1402,1512,0.00118387678210452,0.00101428659781063,0.000869087196670244,0.00087347853331561,0.000890775439384668
"range",0.1435,1041,0.00052386547608125,0.000779268971488651,0.000738200570665689,0.000664603231870573,0.00068163685796392
"day",0.1476,1257,0.000645212846246963,0.000779268971488651,0.00069108138530405,0.00092773185836627,0.000850109604108411
"however",0.1478,2005,0.00131114353618075,0.001459583152947,0.000952854637313159,0.00127766580494302,0.0013032431971867
"activity",0.1481,1869,0.00112764263495455,0.00149050652483147,0.00130886626004555,0.00129122913620569,0.00100890000852046
"management",0.1485,1248,0.000742882680770585,0.000804007668996227,0.000900499986911337,0.000621200571830046,0.000902394249463598
"examined",0.1487,1079,0.000686648533620621,0.000556620693920465,0.000842909871469333,0.000683591895638304,0.000666145111192012
"response",0.1517,2025,0.00161303211561741,0.00125548889850949,0.00120939242428209,0.00109591716602331,0.00124321267844556
"suggest",0.1518,1504,0.00101517434065462,0.000921516482157214,0.00119892149420172,0.000794811211992155,0.00094886948977932
"term",0.1547,1532,0.000784318368144244,0.000952439854041685,0.000874322661710426,0.00118000981985183,0.000989535325055577
"effective",0.155,1140,0.000594898083007521,0.000896777784649638,0.000670139525143321,0.000778535214476957,0.000733921503319107
"high",0.1578,3007,0.00214577666756444,0.00170078545364587,0.00169629067301903,0.00227863965212768,0.00163244281608973
"based",0.159,1052,0.000734003604904801,0.000810192343373121,0.000774848825946965,0.000539820584254057,0.000631288680955221
"following",0.1626,1381,0.00066297099797853,0.000878223761518956,0.00097903196251407,0.000816512542012419,0.00102051881859939
"four",0.1637,2530,0.00186460593181462,0.00184303296431443,0.00144498835109029,0.00125053914241769,0.00167504511971247
"non",0.166,1021,0.000813915287696856,0.000698868204589028,0.000712023245464778,0.000537107918001525,0.000579004035600034
"differences",0.1661,1084,0.00052386547608125,0.000667944832704558,0.000842909871469333,0.000726994555678831,0.000716493288200711
"died",0.1725,896,0.000591938391052259,0.000550436019543571,0.0003821889479333,0.000602211908062315,0.000604178124104383
"including",0.1728,1165,0.000855350975070515,0.000568990042674253,0.000795790686107694,0.000613062573072447,0.000786206148674294
"lower",0.1728,1634,0.000757681140546892,0.00112561073659472,0.00102615114787571,0.00124511380991262,0.00104762937545023
"six",0.173,1940,0.00121643339361239,0.001459583152947,0.00112562498363917,0.000941295189628934,0.00141555836128303
"year",0.1732,2713,0.00212505882387761,0.0013544436885398,0.00170152613805921,0.00150010443765072,0.00173894857514659
"medical",0.1738,906,0.000414356873736582,0.000612282763312512,0.000638726734902228,0.000675453896880705,0.000573194630560569
"previously",0.174,906,0.000692567917531143,0.000482404601397736,0.000612549409701317,0.000453015264173003,0.000600305187411407
"surgery",0.1743,2725,0.00163374995930424,0.00160801533799245,0.00124080521452318,0.0016791404103179,0.00204684704223825
"factors",0.1751,1882,0.00115723955450717,0.000872039087142062,0.00120939242428209,0.00144313844634753,0.0011367069193887
"showed",0.1759,2438,0.0017284601018726,0.00144721380419321,0.00197900578518887,0.00125325180867022,0.00151044531026096
"single",0.177,1057,0.000680729149710098,0.000445296555136372,0.000722494175545143,0.000678166563133238,0.000710683883161246
"history",0.178,1046,0.000514986400215466,0.000612282763312512,0.000780084290987147,0.000797523878244688,0.000639034554341175
"received",0.1799,1235,0.000953020809594137,0.000692683530212134,0.000617784874741499,0.000680879229385771,0.000836554325682992
"months",0.1819,3209,0.0025157381619721,0.00198528047498299,0.00169629067301903,0.00162217441901471,0.00216109867468106
"treated",0.1824,2927,0.00237959233203008,0.00192343373121405,0.00154446218685375,0.00157877175897418,0.00181059790396666
"significant",0.1863,3456,0.00171366164209629,0.00210897396252087,0.00202612497055051,0.0028157475701292,0.00215141633294862
"respectively",0.1885,1594,0.0010477309521625,0.00113798008534851,0.000685845920263867,0.00114474515856891,0.000974043578283669
"second",0.1885,914,0.00073104391294954,0.000525697322035995,0.000439779063375304,0.000547958583011656,0.000573194630560569
"administration",0.1893,979,0.000485389480662853,0.000791638320242439,0.000602078479620952,0.000726994555678831,0.000588686377332476
"level",0.1893,1240,0.000831673439428424,0.000661760158327664,0.00105232847307662,0.000778535214476957,0.000704874478121781
"effect",0.1899,2118,0.00110396509931246,0.00110705671346404,0.00129839532996518,0.00171440507160083,0.00132841728569105
"due",0.1913,1464,0.000627454694515395,0.000946255179664791,0.00108374126331771,0.00101724984469986,0.00100115413513451
"performed",0.1919,2230,0.00117203801428347,0.00162038468674624,0.00104185754299626,0.00161132375400457,0.00150850884191447
"contrast",0.1928,988,0.00068368884166536,0.000859669738388274,0.000670139525143321,0.000626625904335112,0.000501545301740498
"revealed",0.193,1007,0.000701446993396927,0.000544251345166677,0.000790555221067511,0.000485567259203398,0.00068163685796392
"whether",0.1933,905,0.000482429788707591,0.000735976250850393,0.00047642731865658,0.000656465233112974,0.000561575820481638
"risk",0.1947,3504,0.00205106652499608,0.00196054177747542,0.00195806392502814,0.00294053021774572,0.00200618120696199
"period",0.1961,1728,0.000748802064681108,0.00102047127218752,0.00112038951859899,0.00130750513372088,0.00118899156474388
"diagnostic",0.1962,933,0.00063929346233644,0.000711237553342817,0.000785319756027329,0.000490992591708464,0.000524782921898359
"total",0.1966,2045,0.00116019924646243,0.00120601150349434,0.00097903196251407,0.00164930108154003,0.00128387851372181
"peripheral",0.198,907,0.000645212846246963,0.000408188508875008,0.000706787780424596,0.000572372579284453,0.000536401731977289
"underwent",0.2008,1553,0.00101517434065462,0.000977178551549261,0.000612549409701317,0.00108235383476065,0.00103794703371779
"rates",0.2048,1216,0.000805036211831073,0.000742160925227287,0.00047642731865658,0.000851777203295347,0.000811380237178643
"found",0.2051,2767,0.00218425266298284,0.00205331189312883,0.00172770346326012,0.00123155047864996,0.00176799560034392
"low",0.2058,1942,0.0012697078488071,0.000983363225926155,0.00085861626658988,0.00145127644510513,0.00126838676694991
"thus",0.2065,968,0.000645212846246963,0.000525697322035995,0.000497369178817308,0.000797523878244688,0.000534465263630801
"reported",0.2079,1741,0.00122235277752292,0.00112561073659472,0.00150257846653229,0.000849064537042814,0.00105731171718267
"drug",0.2091,1133,0.000520905784125988,0.000748345599604181,0.000926677312112248,0.000838213872032682,0.000677763921270943
"therapy",0.2093,3780,0.00307511994151649,0.00260993258704929,0.00173293892830031,0.00235188164094607,0.00217078101641351
"significantly",0.2107,3467,0.0015449592006464,0.00264085595893376,0.00215177613151488,0.00271809158503802,0.00213979752286969
"large",0.2113,985,0.000858310667025776,0.000612282763312512,0.000628255804821863,0.000512693921728728,0.000555766415442173
"new",0.2129,1297,0.000858310667025776,0.000630836786443194,0.000712023245464778,0.00106607783724545,0.000728112098279642
"required",0.2134,1088,0.00057122054736543,0.000698868204589028,0.000539252899138766,0.000599499241809782,0.000886902502691691
"occurred",0.2208,1812,0.000769519908367937,0.00102047127218752,0.0010575639381168,0.00122612514614489,0.001419431297976
"ml",0.2211,1446,0.000695527609486405,0.00107613334157957,0.00069108138530405,0.00109862983227585,0.000968234173244204
"groups",0.2229,2450,0.00101813403260989,0.00148432185045457,0.00173817439334049,0.00194498170306613,0.00158209463908103
"control",0.2234,2892,0.00122827216143344,0.00182447894118375,0.00214130520143452,0.00231119164715808,0.00178348734711582
"surgical",0.2245,2199,0.00179653301684361,0.00141010575793184,0.00106279940315699,0.00107692850225558,0.00147946181671714
"age",0.2267,3283,0.00179357332488835,0.00149669119920836,0.00254967147456873,0.00254990627738098,0.00195196009326032
"examination",0.2277,1126,0.000881988202667866,0.000760714948357969,0.000884793591790791,0.000474716594193267,0.000699065073082315
"days",0.2283,1803,0.000896786662444173,0.00139773640917806,0.000832438941388969,0.00113389449355877,0.00134971843750242
"procedure",0.2291,1051,0.000514986400215466,0.000847300389634486,0.000502604643857491,0.000678166563133238,0.000762968528516433
"findings",0.2366,1939,0.00149760412936222,0.00132970499103222,0.00165964241773776,0.000884329198325742,0.00111346929923083
"percent",0.24,1530,0.000884947894623128,0.00106994866720267,0.000565430224339677,0.00099283584842706,0.00113089751434923
"report",0.2452,1725,0.00144136998221225,0.00108231801595646,0.00135598544540719,0.000748695885699095,0.00102245528694588
"multiple",0.2455,1191,0.000961899885459921,0.000692683530212134,0.000937148242192613,0.000501843256718596,0.000755222655130479
"case",0.2457,2377,0.00188828346745671,0.00149669119920836,0.00197900578518887,0.00102267517720492,0.0014368595130944
"concentrations",0.2497,928,0.000488349172618114,0.000779268971488651,0.000837674406429151,0.000553383915516722,0.000528655858591335
